"Name","Rookie","JN","BD","BD_Y","Hgt","Wgt","Pos","Team","GP","G","A","PTS","Pts/G","+/-","PPG","PPA","SHG","SHA","SHPTS","GWG","ENG","PIM","Active","PPP","PPP_Percentage","RNK"
"Anthony Romani","NO",15,2005-07-12,2005,6.01,184,"RW","North Bay Battalion",40,35,32,67,1.68,20,10,8,0,0,0,4,3,12,1,18,26.9,126
"Hunter Brzustewicz","NO",4,2004-11-29,2004,6,188,"RD","Kitchener Rangers",42,8,59,67,1.6,32,1,17,0,1,1,0,0,16,1,18,26.9,120.5
"Denver Barkey","NO",86,2005-04-27,2005,5.09,154,"RW","London Knights",39,24,40,64,1.64,29,4,16,6,2,8,2,1,16,1,20,31.2,121
"Carson Rehkopf","NO",16,2005-01-07,2005,6.01,195,"C","Kitchener Rangers",34,37,26,63,1.85,23,12,10,0,0,0,7,2,28,1,22,34.9,108
"Matthew Sop","NO",91,2003-02-04,2003,6,182,"C","Kitchener Rangers",42,26,35,61,1.45,15,5,13,2,2,4,6,2,37,1,18,29.5,82.5
"David Goyette","NO",88,2004-03-27,2004,5.11,181,"RW","Sudbury Wolves",39,24,36,60,1.54,18,5,9,1,2,3,1,3,16,1,14,23.3,104
"Zayne Parekh","NO",19,2006-02-15,2006,6,180,"D","Saginaw Spirit",39,20,39,59,1.51,19,8,17,1,0,1,3,0,34,1,25,42.4,83.5
"Liam Greentree","NO",66,2006-01-01,2006,6.02,198,"RW","Windsor Spitfires",36,23,32,55,1.53,-10,8,5,0,1,1,0,3,16,1,13,23.6,68
"Deni Goure","NO",7,2003-07-15,2003,5.11,170,"C","Owen Sound Attack",40,22,33,55,1.38,6,4,14,3,1,4,5,1,18,1,18,32.7,81.5
"Luke Misa","NO",33,2005-11-25,2005,5.1,175,"C","Mississauga Steelheads",40,17,38,55,1.38,24,5,10,0,0,0,2,2,4,1,15,27.3,111
"Dalyn Wakely","NO",14,2004-03-05,2004,6.01,197,"C","North Bay Battalion",39,19,35,54,1.38,19,4,9,0,0,0,3,2,38,1,13,24.1,71.5
"Oliver Peer","NO",94,2003-03-09,2003,6,170,"RW","Flint Firebirds",40,24,29,53,1.33,-14,3,10,3,0,3,3,2,16,1,13,24.5,61.5
"Jacob Julien","NO",13,2004-09-12,2004,6.03,170,"C","London Knights",40,18,34,52,1.3,20,5,15,3,0,3,1,0,31,1,20,38.5,76
"Jack Beck","NO",12,2003-04-12,2003,6,180,"LW","Soo Greyhounds",41,16,35,51,1.24,3,2,16,0,0,0,1,0,14,1,18,35.3,73.5
"Nick Lardis","NO",16,2005-07-08,2005,5.11,171,"RW","Brantford Bulldogs",37,29,21,50,1.35,5,6,7,0,1,1,3,3,12,1,13,26,82.5
"Porter Martone","NO",94,2006-10-26,2006,6.03,196,"RW","Mississauga Steelheads",39,28,22,50,1.28,23,9,7,0,0,0,2,2,47,1,16,32,65
"Easton Cowan","NO",7,2005-05-20,2005,5.1,171,"LW","London Knights",28,16,34,50,1.79,18,2,16,3,5,8,2,0,35,1,18,36,66
"Hunter Haight","NO",37,2004-04-04,2004,5.11,180,"C","Saginaw Spirit",39,18,30,48,1.23,-1,6,12,0,0,0,3,1,20,1,18,37.5,60
"Michael Misa","NO",77,2007-02-16,2007,6,175,"LW","Saginaw Spirit",38,19,28,47,1.24,5,7,11,0,0,0,3,1,16,1,18,38.3,69
"Jett Luchanko","NO",7,2006-08-21,2006,5.11,183,"C","Guelph Storm",41,13,34,47,1.15,-4,2,22,1,1,2,2,1,28,1,24,51.1,45
"Quentin Musty","NO",27,2005-07-06,2005,6.02,202,"LW","Sudbury Wolves",28,19,27,46,1.64,11,5,11,0,0,0,3,1,34,1,16,34.8,55.5
"Braeden Bowman","NO",15,2003-06-26,2003,6.02,195,"RW","Guelph Storm",41,23,22,45,1.1,-7,10,11,1,1,2,7,1,39,1,21,46.7,33
"Trent Swick","NO",57,2004-04-25,2004,6.06,208,"LW","Kitchener Rangers",42,18,27,45,1.07,24,6,5,1,0,1,2,0,34,1,11,24.4,66.5
"Luca Pinelli","NO",20,2005-04-05,2005,5.09,169,"C","Ottawa 67's",39,29,15,44,1.13,-14,12,4,0,0,0,3,0,20,1,16,36.4,46.5
"Adrian Misaljevic","NO",10,2004-07-10,2004,5.11,154,"RW","Kitchener Rangers",42,22,22,44,1.05,20,2,5,0,0,0,1,2,14,1,7,15.9,83
"Owen Van Steensel","NO",16,2004-08-04,2004,5.1,184,"LW","North Bay Battalion",38,19,25,44,1.16,11,3,4,1,0,1,1,2,28,1,7,15.9,58.5
"Ruslan Gazizov","NO",70,2004-01-21,2004,5.11,185,"LW","London Knights",37,17,27,44,1.19,15,4,10,1,1,2,3,0,29,1,14,31.8,60.5
"Oliver Bonk","NO",59,2005-01-09,2005,6.02,179,"D","London Knights",33,12,32,44,1.33,5,9,13,0,3,3,3,0,20,1,22,50,57
"Pano Fimis","NO",98,2004-06-17,2004,5.11,183,"C","Erie Otters",38,12,32,44,1.16,-5,5,13,0,0,0,1,0,32,1,18,40.9,35
"Ethan Burroughs","NO",29,2003-06-19,2003,5.1,187,"RW","Owen Sound Attack",40,17,26,43,1.08,-5,8,12,1,2,3,1,1,47,1,20,46.5,21
"Paul Ludwinski","NO",19,2004-04-23,2004,5.11,187,"C","Kingston Frontenacs",34,15,28,43,1.26,1,3,8,2,0,2,4,0,12,1,11,25.6,61
"Marco Mignosa","NO",26,2005-04-13,2005,5.11,166,"RW","Soo Greyhounds",41,17,25,42,1.02,12,4,6,2,4,6,2,1,18,1,10,23.8,65.5
"Justin Ertel","NO",9,2003-05-27,2003,6.02,187,"LW","North Bay Battalion",39,15,27,42,1.08,8,2,11,2,0,2,2,1,60,1,13,31,18.5
"Calem Mangone","NO",7,2004-11-04,2004,5.09,165,"RW","Saginaw Spirit",39,14,28,42,1.08,21,3,7,0,0,0,1,0,28,1,10,23.8,63
"Jacob Battaglia","NO",88,2006-03-17,2006,6,203,"RW","Kingston Frontenacs",39,20,21,41,1.05,-10,7,7,0,0,0,1,0,20,1,14,34.1,41.5
"Marek Vanacker","NO",78,2006-04-12,2006,6.01,170,"LW","Brantford Bulldogs",39,19,22,41,1.05,3,4,5,2,0,2,3,0,26,1,9,22,48
"Cedrick Guindon","NO",11,2004-04-21,2004,5.1,180,"C","Owen Sound Attack",40,19,22,41,1.03,-11,7,13,0,1,1,2,0,18,1,20,48.8,42
"Braeden Kressler","NO",12,2003-01-05,2003,5.09,170,"C","Ottawa 67's",36,17,24,41,1.14,0,5,9,0,2,2,1,2,26,1,14,34.1,44
"Sam Dickinson","NO",3,2006-06-07,2006,6.03,195,"D","London Knights",41,13,28,41,1,32,7,11,0,1,1,1,0,18,1,18,43.9,82
"Sam Sedley","NO",9,2003-06-08,2003,5.11,192,"D","Owen Sound Attack",36,8,33,41,1.14,7,1,15,0,2,2,2,1,18,1,16,39,54.5
"Gavin Hayes","NO",23,2004-05-14,2004,6.02,178,"RW","Soo Greyhounds",29,21,19,40,1.38,17,7,3,1,0,1,4,3,10,1,10,25,77.5
"Connor Lockhart","NO",73,2003-01-21,2003,5.09,170,"RW","Oshawa Generals",32,21,19,40,1.25,20,6,5,0,0,0,3,2,47,1,11,27.5,43.5
"Zacharie Giroux","NO",96,2003-04-05,2003,5.06,162,"C","Sudbury Wolves",39,17,23,40,1.03,-3,2,7,3,0,3,2,3,25,1,9,22.5,40.5
"Sam O'Reilly","YES",23,2006-03-30,2006,6.01,180,"C","London Knights",41,14,26,40,0.98,21,3,5,0,0,0,2,0,18,1,8,20,70
"Owen Beck","NO",62,2004-02-03,2004,6,190,"C","Saginaw Spirit",28,19,20,39,1.39,2,5,8,2,0,2,5,0,4,1,13,33.3,66
"Coulson Pitre","NO",11,2004-12-13,2004,6.01,172,"RW","Flint Firebirds",39,18,21,39,1,-5,1,4,1,0,1,1,1,29,1,5,12.8,33.5
"Christopher Thibodeau","NO",10,2005-10-13,2005,5.09,144,"RW","Kingston Frontenacs",40,12,27,39,0.98,-4,0,12,2,0,2,2,0,10,1,12,30.8,50.5
"Max McCue","NO",39,2003-02-10,2003,6.01,183,"LW","London Knights",35,19,19,38,1.09,15,5,4,1,0,1,6,2,75,1,9,23.7,6.5
"Malcolm Spence","NO",17,2006-09-22,2006,6.02,192,"LW","Erie Otters",38,10,28,38,1,4,0,6,3,3,6,0,1,14,1,6,15.8,52
"Michael Buchinger","NO",4,2004-04-25,2004,6,191,"D","Guelph Storm",38,8,30,38,1,-3,3,19,0,1,1,1,1,33,1,22,57.9,25
"Jake Karabela","NO",10,2004-03-07,2004,5.11,179,"C","Guelph Storm",41,17,20,37,0.9,-9,11,7,1,0,1,0,0,35,1,18,48.6,20
"Beau Jelsma","NO",53,2004-04-28,2004,5.09,174,"C","Barrie Colts",37,15,22,37,1,-2,4,8,1,1,2,2,0,23,1,12,32.4,38
"Landon McCallum","NO",11,2003-09-05,2003,5.11,175,"RW","Sudbury Wolves",35,14,23,37,1.06,5,4,8,0,2,2,3,0,49,1,12,32.4,18.5
"Matyas Sapovaliv","NO",24,2004-02-12,2004,6.04,195,"C","Saginaw Spirit",28,13,24,37,1.32,12,6,12,1,0,1,3,0,14,1,18,48.6,60
"Dylan Roobroeck","NO",25,2004-07-27,2004,6.07,202,"C","Oshawa Generals",39,13,24,37,0.95,7,3,8,0,0,0,2,0,49,1,11,29.7,20
"Patrick Thomas","NO",93,2004-08-21,2004,6,175,"C","Brantford Bulldogs",34,9,28,37,1.09,3,4,6,0,0,0,1,1,8,1,10,27,55
"Carey Terrance","NO",10,2005-05-10,2005,6.01,179,"C","Erie Otters",30,23,13,36,1.2,10,2,6,4,0,4,4,4,14,1,8,22.2,61.5
"Dalibor Dvorský","NO",51,2005-06-15,2005,6.01,201,"C","Sudbury Wolves",23,18,18,36,1.57,8,5,5,1,0,1,0,0,11,1,10,27.8,60
"Kocha Delic","NO",13,2004-03-11,2004,5.1,185,"LW","Sudbury Wolves",30,13,23,36,1.2,9,1,4,0,1,1,3,0,20,1,5,13.9,49.5
"Marko Sikic","NO",15,2003-03-24,2003,6.03,183,"RW","Sarnia Sting",39,10,26,36,0.92,-11,1,9,1,0,1,0,0,12,1,10,27.8,36
"Filip Mešár","NO",48,2004-01-03,2004,5.1,168,"RW","Kitchener Rangers",22,15,20,35,1.59,14,6,9,0,0,0,2,1,6,1,15,42.9,68
"Nolan Dann","NO",9,2003-05-21,2003,5.09,182,"RW","Flint Firebirds",38,15,20,35,0.92,-9,2,2,0,0,0,1,0,10,1,4,11.4,41
"Angus MacDonell","NO",17,2005-05-11,2005,5.1,181,"C","Mississauga Steelheads",36,14,21,35,0.97,19,3,7,0,0,0,3,1,62,1,10,28.6,16.5
"Jacob Maillet","NO",27,2003-03-13,2003,6.01,193,"C","Ottawa 67's",40,13,22,35,0.88,-11,2,6,0,2,2,0,2,16,1,8,22.9,32
"Calum Ritchie","NO",21,2005-01-21,2005,6.02,180,"C","Oshawa Generals",22,11,24,35,1.59,21,3,5,1,0,1,0,2,10,1,8,22.9,69
"Jacob LeBlanc","NO",18,2004-06-03,2004,6.01,180,"D","North Bay Battalion",40,7,28,35,0.88,-7,2,8,0,0,0,3,0,35,1,10,28.6,14
"Evan Konyen","NO",91,2004-02-22,2004,5.11,170,"RW","Sudbury Wolves",38,17,17,34,0.89,14,2,1,0,0,0,2,2,24,1,3,8.8,49.5
"Ty Nelson","NO",24,2004-03-30,2004,5.1,206,"D","North Bay Battalion",32,13,21,34,1.06,8,7,11,0,1,1,2,1,35,1,18,52.9,30.5
"Jax Dubois","NO",63,2003-06-18,2003,6.04,205,"C","Kingston Frontenacs",38,13,21,34,0.89,2,5,6,1,1,2,1,0,31,1,11,32.4,28.5
"Samuel Mayer","NO",19,2003-04-15,2003,6.03,202,"D","Ottawa 67's",40,13,21,34,0.85,-15,4,11,0,0,0,2,0,76,1,15,44.1,-33.5
"Jonathan Melee","NO",23,2004-01-15,2004,6,182,"LW","Peterborough Petes",37,12,22,34,0.92,11,3,4,0,0,0,3,0,24,1,7,20.6,44
"Henry Mews","NO",11,2006-03-09,2006,6.01,183,"D","Ottawa 67's",36,6,28,34,0.94,-3,0,11,0,0,0,0,0,34,1,11,32.4,17
"Connor Punnett","NO",14,2003-06-16,2003,6.02,202,"D","Oshawa Generals",37,5,29,34,0.92,-2,1,17,0,0,0,0,2,79,1,18,52.9,-27.5
"Nick DeAngelis","NO",95,2004-05-22,2004,6.02,195,"LD","Sudbury Wolves",38,2,32,34,0.89,14,2,14,0,0,0,1,0,23,1,16,47.1,43
"Kasper Halttunen","NO",12,2005-06-07,2005,6.03,215,"RW","London Knights",30,21,12,33,1.1,6,13,6,0,0,0,2,0,37,1,19,57.6,29
"Kevin He","NO",11,2006-04-30,2006,6,182,"LW","Niagara IceDogs",39,20,13,33,0.85,-11,2,4,0,1,1,1,1,39,1,6,18.2,9.5
"Stuart Rolofs","NO",89,2003-03-28,2003,6.03,201,"LW","Oshawa Generals",39,17,16,33,0.85,10,2,4,0,0,0,1,1,15,1,6,18.2,53
"Jake O'Brien","YES",44,2007-06-16,2007,6.01,165,"C","Brantford Bulldogs",32,5,28,33,1.03,8,1,7,0,0,0,1,0,4,1,8,24.2,56
"Max Namestnikov","NO",26,2004-02-06,2004,5.08,182,"LW","Guelph Storm",41,20,12,32,0.78,-12,8,6,0,0,0,1,0,22,1,14,43.8,24
"Cole Beaudoin","NO",29,2006-04-24,2006,6.02,206,"C","Barrie Colts",37,17,15,32,0.86,-3,7,2,3,0,3,3,1,19,1,9,28.1,34.5
"Kieron Walton","NO",22,2006-04-22,2006,6.06,210,"LW","Sudbury Wolves",37,15,17,32,0.86,6,4,2,0,1,1,1,0,10,1,6,18.8,51.5
"Matthew Soto","NO",92,2005-08-31,2005,5.1,179,"RW","Kingston Frontenacs",39,15,17,32,0.82,-12,6,6,0,0,0,1,0,6,1,12,37.5,37.5
"Ondrej Molnar","NO",96,2005-02-08,2005,5.1,175,"LW","Erie Otters",36,12,20,32,0.89,-11,5,5,0,0,0,2,1,14,1,10,31.2,29
"Luca Marrelli","NO",19,2005-10-04,2005,6.02,183,"D","Oshawa Generals",39,2,30,32,0.82,10,1,11,0,0,0,0,0,14,1,12,37.5,45
"Matthew Buckley","NO",11,2005-03-21,2005,5.11,186,"RW","Oshawa Generals",35,18,13,31,0.89,12,3,4,0,0,0,4,1,10,1,7,22.6,57.5
"Owen Allard","NO",14,2004-01-13,2004,6.02,200,"C","Soo Greyhounds",31,14,17,31,1,18,3,3,0,2,2,2,1,18,1,6,19.4,53.5
"Cooper Foster","NO",29,2005-06-04,2005,6,187,"C","Ottawa 67's",33,13,18,31,0.94,3,3,5,1,0,1,6,1,24,1,8,25.8,32
"Beckett Sennecke","NO",45,2006-01-28,2006,6.03,178,"RW","Oshawa Generals",36,13,18,31,0.86,13,3,7,0,0,0,3,0,39,1,10,32.3,27
"Rodwin Dionicio","NO",94,2004-03-30,2004,6.02,205,"D","Saginaw Spirit",31,12,19,31,1,0,4,5,0,1,1,1,0,53,1,9,29,-0.5
"Nathan Villeneuve","NO",89,2006-04-13,2006,6,190,"C","Sudbury Wolves",38,11,20,31,0.82,3,1,4,2,0,2,2,0,40,1,5,16.1,15
"Jorian Donovan","NO",75,2004-04-05,2004,6.02,195,"D","Saginaw Spirit",37,9,22,31,0.84,7,0,4,0,2,2,1,1,36,1,4,12.9,22
"Brad Gardiner","NO",25,2005-03-06,2005,6.01,189,"C","Ottawa 67's",39,9,22,31,0.79,-9,1,9,0,0,0,1,1,18,1,10,32.3,24
"Justin Cloutier","NO",24,2005-06-20,2005,5.08,182,"RW","Soo Greyhounds",41,17,13,30,0.73,8,4,3,2,0,2,1,2,18,1,7,23.3,43.5
"Arttu Karki","NO",39,2004-12-08,2004,6.02,178,"D","Soo Greyhounds",32,16,14,30,0.94,0,11,7,0,1,1,3,2,6,1,18,60,47
"Valentin Zhugin","NO",13,2004-12-13,2004,5.11,180,"LW","Windsor Spitfires",38,16,14,30,0.79,-16,4,4,0,0,0,1,2,19,1,8,26.7,18
"Rasmus Kumpulainen","NO",68,2005-08-08,2005,6.02,206,"C","Oshawa Generals",30,15,15,30,1,3,4,4,0,0,0,1,1,20,1,8,26.7,35.5
"Florian Xhekaj","NO",43,2004-06-27,2004,6.04,190,"LW","Brantford Bulldogs",36,14,16,30,0.83,8,1,5,0,0,0,2,0,37,1,6,20,23
"Bryce McConnell-Barker","NO",18,2004-06-04,2004,6.02,188,"C","Soo Greyhounds",30,12,18,30,1,-4,2,6,0,0,0,4,1,12,1,8,26.7,35
"Servac Petrovsky","NO",18,2004-08-10,2004,5.11,177,"C","Owen Sound Attack",29,10,20,30,1.03,-4,5,8,0,0,0,2,0,8,1,13,43.3,38
"Kaden Pitre","NO",17,2006-02-08,2006,5.11,167,"C","Flint Firebirds",32,10,20,30,0.94,-7,1,7,1,0,1,0,1,20,1,8,26.7,23
"Joey Willis","NO",14,2005-03-14,2005,5.1,180,"C","Saginaw Spirit",39,4,26,30,0.77,18,0,5,0,1,1,0,1,11,1,5,16.7,54
"Tristan Bertucci","NO",12,2005-07-12,2005,6.02,172,"D","Flint Firebirds",41,4,26,30,0.73,10,2,10,1,1,2,0,1,65,1,12,40,-8
"Ryan Abraham","NO",12,2004-04-05,2004,5.08,168,"C","Windsor Spitfires",36,16,13,29,0.81,-12,1,4,0,1,1,2,0,38,1,5,17.2,1.5
"Sam Alfano","NO",33,2004-01-18,2004,6.04,221,"RW","Erie Otters",38,12,17,29,0.76,-3,2,2,0,0,0,1,0,35,1,4,13.8,11.5
"Sandis Vilmanis","NO",23,2004-01-23,2004,6.02,192,"RW","North Bay Battalion",32,11,18,29,0.91,-8,3,7,0,0,0,2,0,6,1,10,34.5,35
"Zander Veccia","NO",27,2004-07-27,2004,5.1,184,"RW","Guelph Storm",39,8,21,29,0.74,1,1,5,0,0,0,3,1,18,1,6,20.7,30.5
"Ethan Miedema","NO",15,2005-03-22,2005,6.04,201,"LW","Kingston Frontenacs",40,15,13,28,0.7,-13,8,5,0,0,0,2,0,29,1,13,46.4,7.5
"Brenden Sirizzotti","NO",57,2003-04-14,2003,6,193,"RW","Barrie Colts",38,14,14,28,0.74,4,2,7,0,0,0,3,0,8,1,9,32.1,45
"Linus Hemström","NO",90,2004-01-16,2004,6,169,"RW","Kingston Frontenacs",33,13,15,28,0.85,-6,2,5,0,3,3,1,1,8,1,7,25,34.5
"Brady Stonehouse","NO",17,2004-08-06,2004,5.1,194,"RW","Ottawa 67's",39,13,15,28,0.72,-3,4,7,0,1,1,2,1,34,1,11,39.3,11.5
"Brett Bressette","NO",89,2003-07-04,2003,5.09,174,"LW","Erie Otters",38,10,18,28,0.74,-8,4,10,0,0,0,1,0,8,1,14,50,31
"Ben Bujold","NO",89,2004-03-03,2004,6,179,"C","Brantford Bulldogs",38,10,18,28,0.74,15,0,1,1,1,2,0,2,8,1,1,3.6,54
"Andrew LeBlanc","NO",27,2004-06-03,2004,6.01,176,"LW","North Bay Battalion",38,10,18,28,0.74,1,1,2,0,0,0,3,1,34,1,3,10.7,14
"Luca D'Amato","NO",4,2004-08-18,2004,5.09,160,"D","Oshawa Generals",39,9,19,28,0.72,12,0,7,0,0,0,1,0,32,1,7,25,26.5
"Andre Anania","NO",78,2003-03-02,2003,6.01,200,"LD","Sudbury Wolves",35,4,24,28,0.8,37,0,2,1,0,1,1,0,24,1,2,7.1,57
"Kirill Kudryavtsev","NO",29,2004-02-05,2004,6,202,"D","Soo Greyhounds",41,4,24,28,0.68,19,0,7,1,0,1,1,0,12,1,7,25,51
"Mike Levin","NO",16,2005-10-16,2005,5.08,150,"LW","Niagara IceDogs",39,15,12,27,0.69,2,2,2,0,1,1,2,0,23,1,4,14.8,27
"Martin Misiak","NO",90,2004-09-30,2004,6.02,200,"C","Erie Otters",30,13,14,27,0.9,-7,7,5,0,0,0,2,0,21,1,12,44.4,19
"Jacob Therrien","NO",6,2006-02-08,2006,5.08,165,"RW","North Bay Battalion",40,13,14,27,0.68,-6,0,3,0,0,0,0,1,54,1,3,11.1,-13
"Chas Sharpe","NO",28,2003-11-28,2003,6.03,196,"D","Mississauga Steelheads",39,10,17,27,0.69,2,4,10,0,0,0,2,1,18,1,14,51.9,29.5
"Dean Loukus","NO",12,2003-02-12,2003,5.1,180,"RW","Mississauga Steelheads",39,9,18,27,0.69,-7,1,6,0,0,0,1,0,16,1,7,25.9,22
"Andrew Gibson","NO",6,2005-02-13,2005,6.04,206,"D","Soo Greyhounds",41,5,22,27,0.66,19,1,7,0,0,0,1,0,31,1,8,29.6,31
"Will Gerrior","NO",23,2004-03-02,2004,5.1,174,"LW","Ottawa 67's",39,15,11,26,0.67,5,1,2,1,0,1,1,0,14,1,3,11.5,37.5
"Ryan Roobroeck","YES",25,2007-09-25,2007,6.02,195,"LW","Niagara IceDogs",34,12,14,26,0.76,-9,1,2,1,0,1,0,1,12,1,3,11.5,24
"Riley Patterson","YES",21,2006-03-22,2006,6,194,"C","Barrie Colts",37,12,14,26,0.7,-2,0,1,0,0,0,2,0,4,1,1,3.8,39
"Simon Slavicek","NO",61,2004-02-02,2004,6,170,"C","Flint Firebirds",29,9,17,26,0.9,-2,3,2,0,1,1,3,0,2,1,5,19.2,39.5
"Zakary Lavoie","NO",29,2004-03-13,2004,5.1,187,"RW","Brantford Bulldogs",38,15,10,25,0.66,-6,4,0,1,1,2,2,2,20,1,4,16,19
"Gavin Bryant","NO",19,2004-07-24,2004,5.11,192,"C","Niagara IceDogs",33,9,16,25,0.76,-10,2,3,2,3,5,3,1,11,1,5,20,21
"Travis Hayes","YES",13,2007-09-03,2007,5.11,168,"RW","Soo Greyhounds",41,9,16,25,0.61,8,3,3,0,0,0,2,0,28,1,6,24,22
"Anthony Cristoforo","NO",74,2006-02-23,2006,5.11,180,"D","Windsor Spitfires",38,3,22,25,0.66,-18,2,8,0,1,1,1,0,17,1,10,40,4
"Alex Christopoulos","NO",48,2003-03-26,2003,6,195,"RW","Saginaw Spirit",29,14,10,24,0.83,0,6,1,0,0,0,3,0,16,1,7,29.2,27
"Tyson Doucette","NO",25,2004-01-30,2004,5.11,170,"LW","Sarnia Sting",41,14,10,24,0.59,-19,6,1,0,0,0,1,0,32,1,7,29.2,-8
"Vilmer Alriksson","NO",25,2005-02-18,2005,6.06,215,"LW","Guelph Storm",41,9,15,24,0.59,3,6,2,0,0,0,3,0,15,1,8,33.3,28.5
"Kashawn Aitcheson","NO",77,2006-09-21,2006,6.01,191,"D","Barrie Colts",37,7,17,24,0.65,-6,1,5,0,2,2,1,0,62,1,6,25,-28.5
"Ben Danford","NO",77,2006-02-06,2006,6.02,190,"D","Oshawa Generals",39,1,23,24,0.62,8,0,3,0,0,0,0,0,17,1,3,12.5,27.5
"Zach Filak","NO",11,2004-01-21,2004,6,175,"C","Sarnia Sting",37,13,10,23,0.62,-9,2,2,0,2,2,0,0,39,1,4,17.4,-7
"Luke Torrance","NO",17,2004-03-30,2004,6.01,202,"LW","Oshawa Generals",26,11,12,23,0.88,18,4,2,0,1,1,2,0,17,1,6,26.1,41
"Tanner Lam","YES",37,2007-07-14,2007,5.08,140,"RW","Kitchener Rangers",42,8,15,23,0.55,-4,2,2,0,0,0,0,0,2,1,4,17.4,32.5
"Quinton Burns","NO",41,2005-04-14,2005,6.01,178,"D","Kingston Frontenacs",30,2,21,23,0.77,-14,0,11,0,1,1,0,1,64,1,11,47.8,-42.5
"Cole Davis","YES",86,2006-06-22,2006,5.1,175,"LW","Windsor Spitfires",38,12,10,22,0.58,-21,2,2,1,0,1,2,1,27,1,4,18.2,-9
"Jordan D'Intino","NO",38,2003-03-01,2003,6.01,190,"LW","Soo Greyhounds",32,10,12,22,0.69,0,3,1,2,1,3,1,0,19,1,4,18.2,19
"Donovan McCoy","NO",19,2004-11-10,2004,6,198,"RD","Sudbury Wolves",40,6,16,22,0.55,-4,1,6,1,2,3,2,0,37,1,7,31.8,-5
"Matthew Andonovski","NO",5,2005-03-14,2005,6.02,200,"LD","Kitchener Rangers",42,4,18,22,0.52,43,0,0,0,1,1,0,0,85,1,0,0,-7
"Colby Barlow","NO",39,2005-02-14,2005,6.01,195,"LW","Owen Sound Attack",22,14,7,21,0.95,-4,7,1,1,0,1,0,2,4,1,8,38.1,30.5
"Sam McCue","NO",12,2005-10-03,2005,6.01,177,"RW","Owen Sound Attack",40,14,7,21,0.53,-7,5,1,0,0,0,0,0,31,1,6,28.6,0.5
"Kaleb Lawrence","NO",25,2003-01-10,2003,6.06,221,"C","London Knights",33,12,9,21,0.64,4,2,0,1,0,1,2,0,43,1,2,9.5,-1.5
"Spencer Sova","NO",22,2004-01-10,2004,6.01,188,"D","Erie Otters",32,11,10,21,0.66,-11,5,3,0,0,0,2,0,21,1,8,38.1,5
"Mathieu Paris","NO",54,2005-01-01,2005,6,175,"RW","Niagara IceDogs",29,8,13,21,0.72,5,0,0,2,1,3,0,0,6,1,0,0,34.5
"Easton Wainwright","NO",12,2005-01-19,2005,5.1,178,"C","Sarnia Sting",27,6,15,21,0.78,-7,1,2,0,1,1,1,0,17,1,3,14.3,10.5
"Braydon McCallum","YES",29,2006-05-03,2006,5.1,165,"RW","Peterborough Petes",36,6,15,21,0.58,8,1,2,1,0,1,0,1,80,1,3,14.3,-37.5
"Jackson Edward","NO",92,2004-02-27,2004,6.03,191,"D","London Knights",39,5,16,21,0.54,31,1,3,0,0,0,1,0,66,1,4,19,-1
"Alexis Daviault","NO",72,2005-06-17,2005,6,190,"D","Erie Otters",35,2,19,21,0.6,-1,0,11,0,0,0,0,0,26,1,11,52.4,5.5
"Antonino Pugliese","NO",44,2004-04-09,2004,5.09,179,"RW","Kitchener Rangers",40,14,6,20,0.5,14,1,0,2,0,2,4,0,50,1,1,5,1
"Mason Zebeski","NO",19,2005-10-04,2005,6.01,186,"LW","Mississauga Steelheads",40,14,6,20,0.5,3,3,1,0,0,0,3,0,39,1,4,20,1
"Ethan Procyszyn","NO",21,2006-07-11,2006,6.03,189,"C","North Bay Battalion",39,9,11,20,0.51,-4,1,1,0,0,0,1,0,40,1,2,10,-9.5
"Tommy Purdeller","NO",20,2004-04-13,2004,6,194,"C","Peterborough Petes",34,8,12,20,0.59,-15,3,6,0,0,0,1,0,18,1,9,45,1
"Eduard Šalé","NO",12,2005-03-10,2005,6.02,178,"RW","Kitchener Rangers",25,7,13,20,0.8,1,2,5,0,0,0,1,0,6,1,7,35,28.5
"Tai York","NO",23,2004-06-18,2004,6.01,185,"LW","Barrie Colts",33,7,13,20,0.61,3,0,3,0,0,0,0,0,8,1,3,15,28.5
"Cole Brown","NO",92,2005-04-27,2005,6.03,180,"RW","Brantford Bulldogs",39,7,13,20,0.51,-15,1,2,0,0,0,1,0,27,1,3,15,-8.5
"Luke Ellinas","YES",19,2006-03-12,2006,6.01,186,"LW","Kitchener Rangers",42,7,13,20,0.48,9,1,1,0,1,1,1,1,51,1,2,10,-8.5
"Chase Lefebvre","NO",7,2004-05-13,2004,6.02,170,"LW","Peterborough Petes",39,6,14,20,0.51,-22,0,5,0,0,0,1,0,14,1,5,25,-3
"Simon Motew","NO",46,2003-03-31,2003,6,187,"RD","Kitchener Rangers",42,5,15,20,0.48,16,0,1,0,0,0,0,0,38,1,1,5,10.5
"Nick Yearwood","NO",18,2004-07-15,2004,6,190,"LW","Sudbury Wolves",38,4,16,20,0.53,8,0,0,2,2,4,0,0,40,1,0,0,0
"Alex Pharand","NO",21,2005-01-05,2005,6.03,198,"RW","Sudbury Wolves",39,11,8,19,0.49,11,1,2,1,0,1,0,1,29,1,3,15.8,16
"Charlie Paquette","NO",23,2005-12-06,2005,6.01,192,"RW","Guelph Storm",41,11,8,19,0.46,-8,2,2,0,0,0,4,0,49,1,4,21.1,-23
"Chris Barlas","NO",9,2005-01-10,2005,5.1,185,"LW","Ottawa 67's",32,9,10,19,0.59,7,2,1,0,0,0,0,1,15,1,3,15.8,25
"Landen Hookey","NO",10,2004-01-29,2004,6.05,215,"RW","Owen Sound Attack",40,9,10,19,0.48,-2,2,1,0,0,0,2,1,47,1,3,15.8,-16
"Sebastien Gervais","NO",15,2005-04-11,2005,6.01,185,"LW","Saginaw Spirit",39,5,14,19,0.49,-5,2,2,0,0,0,1,0,15,1,4,21.1,11
"Jakub Fibigr","YES",5,2006-07-22,2006,6,171,"D","Mississauga Steelheads",33,4,15,19,0.58,-3,2,6,0,0,0,2,0,20,1,8,42.1,7.5
"Lukas Fischer","NO",13,2006-09-09,2006,6.03,170,"D","Sarnia Sting",41,4,15,19,0.46,-4,2,3,0,0,0,0,0,34,1,5,26.3,-7.5
"Roenick Jodoin","NO",92,2004-09-10,2004,5.06,157,"C","Barrie Colts",36,10,8,18,0.5,-10,3,0,0,0,0,1,0,16,1,3,16.7,6
"Taos Jordan","NO",24,2004-03-29,2004,5.11,187,"D","Owen Sound Attack",40,4,14,18,0.45,6,2,3,0,0,0,0,0,33,1,5,27.8,2
"Nathan Aspinall","NO",76,2006-03-30,2006,6.07,189,"LW","Flint Firebirds",38,12,5,17,0.45,-16,2,0,0,0,0,2,0,13,1,2,11.8,2.5
"Luca Testa","NO",91,2006-04-10,2006,6,172,"C","Brantford Bulldogs",21,11,6,17,0.81,1,4,1,0,0,0,1,0,12,1,5,29.4,20
"AJ Spellacy","NO",8,2006-02-24,2006,6.03,195,"C","Windsor Spitfires",38,10,7,17,0.45,-11,1,1,2,0,2,1,0,37,1,2,11.8,-17.5
"Calvin Crombie","NO",14,2005-09-03,2005,6,186,"RW","Brantford Bulldogs",31,9,8,17,0.55,1,0,1,0,0,0,1,0,35,1,1,5.9,-4
"Nolan Collins","NO",77,2004-04-28,2004,6.04,205,"RD","Sudbury Wolves",38,6,11,17,0.45,9,0,0,0,1,1,1,0,24,1,0,0,13.5
"Finn Harding","NO",7,2005-03-02,2005,6.01,198,"D","Mississauga Steelheads",40,5,12,17,0.43,25,0,1,1,0,1,0,1,34,1,1,5.9,19
"Shamar Moses","YES",78,2007-05-06,2007,6.01,208,"RW","Barrie Colts",35,3,14,17,0.49,-11,2,6,0,0,0,1,0,21,1,8,47.1,-5
"Christopher Brown","NO",67,2006-01-27,2006,5.11,166,"C","Soo Greyhounds",40,3,14,17,0.43,1,0,1,0,1,1,0,0,6,1,1,5.9,22
"Marko Stojkov","NO",95,2004-08-11,2004,6,170,"D","Flint Firebirds",40,2,15,17,0.43,-24,1,5,0,0,0,1,0,16,1,6,35.3,-13.5
"Jack Van Volsen","NO",14,2006-01-12,2006,6.02,188,"C","Mississauga Steelheads",35,10,6,16,0.46,-9,3,3,0,0,0,1,0,21,1,6,37.5,-1
"Ethan Hay","NO",68,2005-01-15,2005,6.01,195,"C","Saginaw Spirit",38,9,7,16,0.42,-10,2,1,1,1,2,3,0,32,1,3,18.8,-13.5
"Leo Serlin","YES",20,2006-01-20,2006,6,186,"RW","Guelph Storm",40,8,8,16,0.4,1,0,5,2,0,2,1,0,21,1,5,31.2,8
"Bruce McDonald","NO",92,2004-12-18,2004,6,175,"C","Erie Otters",36,7,9,16,0.44,-2,1,0,0,1,1,2,0,17,1,1,6.2,8.5
"Ihnat Pazii","YES",13,2006-12-04,2006,5.08,155,"LW","North Bay Battalion",35,6,10,16,0.46,1,1,1,0,0,0,3,0,8,1,2,12.5,20
"Mitch Young","NO",5,2005-04-29,2005,6.01,183,"D","Sarnia Sting",41,6,10,16,0.39,-13,1,0,0,0,0,1,0,45,1,1,6.2,-31
"Alex Assadourian","NO",8,2005-07-24,2005,5.09,168,"C","Niagara IceDogs",23,5,11,16,0.7,-6,1,6,2,1,3,0,1,22,1,7,43.8,-1.5
"Owen Outwater","NO",93,2005-01-04,2005,6.02,168,"LW","Windsor Spitfires",36,4,12,16,0.44,-2,1,3,0,0,0,2,0,16,1,4,25,8
"Cameron Mercer","NO",14,2005-05-27,2005,6,180,"C","Kitchener Rangers",41,4,12,16,0.39,6,0,1,0,0,0,0,0,18,1,1,6.2,14
"Luke McNamara","NO",29,2005-03-02,2005,6.02,180,"C","Kingston Frontenacs",32,3,13,16,0.5,-10,1,0,0,0,0,0,0,25,1,1,6.2,-9.5
"Cameron Reid","YES",18,2007-04-08,2007,5.11,160,"LD","Kitchener Rangers",36,1,15,16,0.44,15,0,2,0,0,0,0,0,17,1,2,12.5,22.5
"Ben Cormier","NO",8,2006-07-20,2006,6,177,"C","Owen Sound Attack",40,10,5,15,0.38,-12,0,2,0,0,0,2,1,0,1,2,13.3,15.5
"Mitchell Martin","NO",59,2003-01-06,2003,6.04,206,"LW","Kitchener Rangers",16,9,6,15,0.94,7,1,1,1,0,1,0,0,32,1,2,13.3,2
"Declan Waddick","NO",27,2005-01-24,2005,5.09,162,"C","Owen Sound Attack",39,8,7,15,0.38,-7,1,1,0,0,0,1,0,0,1,2,13.3,19.5
"Brice Cooke","NO",8,2004-03-23,2004,6.02,202,"LW","North Bay Battalion",35,7,8,15,0.43,-10,0,1,0,0,0,1,0,4,1,1,6.7,12
"Chase Coughlan","NO",9,2005-06-17,2005,5.11,192,"RW","Sudbury Wolves",39,7,8,15,0.38,11,0,0,0,0,0,2,0,50,1,0,0,-13
"Landon Sim","NO",90,2004-07-17,2004,5.11,174,"C","London Knights",15,6,9,15,1,14,0,1,1,1,2,2,0,22,1,1,6.7,17.5
"Roman Schmidt","NO",76,2003-02-27,2003,6.05,216,"RD","Kingston Frontenacs",25,5,10,15,0.6,2,3,6,0,0,0,0,0,42,1,9,60,-15
"Connor Clattenburg","NO",23,2005-05-02,2005,6.02,197,"LW","Flint Firebirds",33,5,10,15,0.45,3,0,0,0,0,0,2,0,57,1,0,0,-29
"William Nicholl","YES",73,2006-05-24,2006,6,170,"C","London Knights",38,5,10,15,0.39,1,0,0,0,1,1,0,0,32,1,0,0,-6
"Isaiah George","NO",4,2004-02-15,2004,6,199,"D","London Knights",41,4,11,15,0.37,12,0,0,0,2,2,1,0,37,1,0,0,-0.5
"Ivan Galiyanov","YES",92,2007-10-16,2007,5.09,154,"LW","Niagara IceDogs",31,3,12,15,0.48,-3,0,1,1,1,2,0,0,4,1,1,6.7,17
"James Petrovski","NO",28,2005-08-12,2005,6.04,190,"D","Owen Sound Attack",35,3,12,15,0.43,3,1,5,0,0,0,0,0,20,1,6,40,7
"Lucas Moore","NO",4,2005-06-07,2005,5.1,185,"D","Brantford Bulldogs",37,3,12,15,0.41,2,2,4,0,0,0,0,0,28,1,6,40,-2
"Owain Johnston","NO",7,2003-10-19,2003,6.01,193,"D","Erie Otters",38,2,13,15,0.39,-4,1,2,0,0,0,0,0,39,1,3,20,-19.5
"Ryan Brown","YES",23,2007-10-27,2007,5.11,159,"LW","Sarnia Sting",22,9,5,14,0.64,3,0,3,0,0,0,0,1,2,1,3,21.4,26.5
"Gabriel Frasca","NO",18,2006-02-18,2006,6,170,"C","Kingston Frontenacs",16,8,6,14,0.88,-8,4,4,0,0,0,4,0,8,1,8,57.1,9
"Braden Haché","NO",6,2003-05-21,2003,6.03,210,"D","Saginaw Spirit",36,8,6,14,0.39,13,0,0,0,0,0,1,0,44,1,0,0,-6
"Gage Heyes","NO",9,2004-04-21,2004,5.11,158,"RW","Kingston Frontenacs",40,8,6,14,0.35,-6,0,0,0,1,1,0,1,53,1,0,0,-34
"Alex Kostov","NO",47,2006-06-03,2006,6.03,192,"RW","Flint Firebirds",39,7,7,14,0.36,4,0,0,4,0,4,1,0,30,1,0,0,-1.5
"Liam Arnsby","NO",11,2003-11-20,2003,5.11,180,"C","North Bay Battalion",32,6,8,14,0.44,-5,0,0,1,0,1,0,1,55,1,0,0,-36
"Paul Christopoulos","NO",4,2003-03-26,2003,5.1,203,"D","North Bay Battalion",40,3,11,14,0.35,6,0,0,0,0,0,1,0,16,1,0,0,12.5
"Jacob Holmes","NO",47,2003-07-04,2003,6.02,211,"D","Kingston Frontenacs",32,7,6,13,0.41,-9,5,3,0,0,0,0,0,16,1,8,61.5,-2
"Kyle Morey","NO",17,2005-06-27,2005,5.11,160,"C","Barrie Colts",36,6,7,13,0.36,14,0,0,0,0,0,3,0,6,1,0,0,30.5
"Michael Podolioukh","NO",28,2004-11-28,2004,6.01,198,"C","Niagara IceDogs",24,5,8,13,0.54,-7,0,0,2,2,4,1,0,20,1,0,0,-5
"Lucas Karmiris","NO",27,2006-09-27,2006,5.11,181,"C","Mississauga Steelheads",34,5,8,13,0.38,6,0,1,0,0,0,1,0,22,1,1,7.7,6
"Cooper Way","NO",9,2003-06-11,2003,6.03,199,"C","Sarnia Sting",41,5,8,13,0.32,-8,1,3,0,0,0,1,0,30,1,4,30.8,-16
"Justin Bottineau","NO",77,2006-01-11,2006,6,168,"LW","Kitchener Rangers",35,4,9,13,0.37,7,0,1,0,0,0,1,0,18,1,1,7.7,10.5
"Gavin Grundner","NO",16,2004-05-12,2004,6,179,"LW","Guelph Storm",38,4,9,13,0.34,8,0,0,0,0,0,0,1,17,1,0,0,12.5
"Carson Cameron","YES",15,2007-06-27,2007,6,171,"D","Peterborough Petes",31,2,11,13,0.42,-7,0,7,1,0,1,1,0,26,1,7,53.8,-12.5
"Jakub Chromiak","NO",7,2005-11-02,2005,5.11,183,"D","Kingston Frontenacs",31,2,11,13,0.42,-4,0,1,0,0,0,0,0,10,1,1,7.7,6.5
"Thomas Budnick","NO",22,2004-02-14,2004,6.01,210,"D","Guelph Storm",40,2,11,13,0.33,6,0,1,0,0,0,0,0,44,1,1,7.7,-17.5
"Matthew Jenken","NO",27,2005-10-12,2005,6.04,200,"D","Flint Firebirds",41,2,11,13,0.32,-15,1,0,0,0,0,0,0,25,1,1,7.7,-19.5
"Tomáš Hamara","NO",9,2004-03-09,2004,6,192,"LD","Brantford Bulldogs",34,1,12,13,0.38,27,0,3,0,0,0,1,0,18,1,3,23.1,29
"Parker Von Richter","NO",6,2006-05-17,2006,6.01,183,"D","Mississauga Steelheads",37,1,12,13,0.35,-5,0,2,0,0,0,0,0,29,1,2,15.4,-14
"Konnor Smith","NO",6,2004-11-06,2004,6.05,206,"D","Owen Sound Attack",34,9,3,12,0.35,-13,0,0,0,0,0,0,4,58,1,0,0,-48.5
"Jacob Frasca","NO",15,2003-03-19,2003,6.05,216,"C","Soo Greyhounds",19,7,5,12,0.63,2,1,0,0,0,0,1,1,20,1,1,8.3,3.5
"Djibril Toure","NO",67,2003-06-05,2003,6.07,203,"D","Windsor Spitfires",25,6,6,12,0.48,18,0,0,0,1,1,0,0,37,1,0,0,2
"Daylen Moses","NO",24,2005-06-13,2005,6.02,180,"C","Sarnia Sting",26,6,6,12,0.46,3,0,0,1,0,1,2,1,36,1,0,0,-12
"Jake Crawford","YES",16,2007-05-05,2007,6.03,163,"LW","Owen Sound Attack",38,6,6,12,0.32,-10,0,0,0,0,0,0,0,11,1,0,0,0
"Ethan Czata","YES",12,2007-05-29,2007,6,160,"C","Niagara IceDogs",33,5,7,12,0.36,2,1,1,0,0,0,0,0,15,1,2,16.7,7.5
"Jack Dever","NO",18,2005-09-05,2005,5.1,175,"RW","Ottawa 67's",26,4,8,12,0.46,-3,0,2,0,0,0,2,1,0,1,2,16.7,17
"Frankie Marrelli","NO",8,2006-02-16,2006,5.11,187,"D","Ottawa 67's",31,4,8,12,0.39,8,2,1,0,0,0,1,0,26,1,3,25,2
"PJ Forgione","NO",27,2004-11-12,2004,6.02,215,"D","Saginaw Spirit",34,4,8,12,0.35,11,0,0,0,0,0,1,0,46,1,0,0,-15
"Tristan Delisle","YES",40,2007-05-15,2007,5.11,166,"LW","Oshawa Generals",36,4,8,12,0.33,2,1,0,0,0,0,1,0,40,1,1,8.3,-18
"Noah Morneau","NO",11,2004-05-07,2004,6,160,"C","Windsor Spitfires",37,4,8,12,0.32,-20,0,0,0,0,0,0,0,6,1,0,0,-6
"Jackson Stewart","NO",22,2004-06-18,2004,6,198,"LW","Owen Sound Attack",37,4,8,12,0.32,0,0,0,0,0,0,1,0,59,1,0,0,-39
"Kaleb Smith","NO",20,2004-05-14,2004,6,188,"RW","Erie Otters",38,4,8,12,0.32,2,0,0,0,1,1,1,0,18,1,0,0,4
"Daniil Sobolev","NO",13,2003-03-03,2003,6.01,223,"D","Brantford Bulldogs",35,3,9,12,0.34,4,0,0,1,1,2,0,0,39,1,0,0,-15.5
"Matthew Schaefer","YES",48,2007-09-05,2007,6.01,162,"D","Erie Otters",32,2,10,12,0.38,-9,1,1,0,0,0,0,0,2,1,2,16.7,8
"Carson Woodall","YES",24,2006-05-25,2006,5.11,170,"D","Windsor Spitfires",29,1,11,12,0.41,-7,0,4,0,0,0,0,0,13,1,4,33.3,-1.5
"Alex Cajkovic","NO",26,2005-07-19,2005,5.1,179,"D","Sarnia Sting",36,0,12,12,0.33,6,0,4,0,0,0,0,0,13,1,4,33.3,11
"Marc Boudreau","NO",89,2003-04-29,2003,6.02,190,"LW","Mississauga Steelheads",36,7,4,11,0.31,3,0,0,0,0,0,0,0,68,1,0,0,-45
"Colton Smith","NO",61,2004-02-09,2004,6.03,215,"LW","Windsor Spitfires",39,6,5,11,0.28,-17,0,1,0,0,0,1,0,11,1,1,9.1,-8.5
"Nathan Poole","NO",28,2004-07-28,2004,6.01,200,"C","Kingston Frontenacs",35,5,6,11,0.31,-10,0,0,2,1,3,2,0,28,1,0,0,-19
"Adam Zidlicky","NO",91,2005-01-28,2005,6,170,"LW","Mississauga Steelheads",29,4,7,11,0.38,-3,1,0,0,0,0,1,0,41,1,1,9.1,-25.5
"Tyler Graham","NO",28,2006-08-10,2006,5.11,189,"LW","Oshawa Generals",38,3,8,11,0.29,-10,1,0,0,0,0,0,0,12,1,1,9.1,-4
"Matthew Mania","NO",93,2005-01-11,2005,6.01,190,"RD","Sudbury Wolves",19,2,9,11,0.58,6,1,3,0,0,0,0,0,11,1,4,36.4,12.5
"Bode Stewart","NO",71,2006-02-09,2006,6.01,169,"LW","Barrie Colts",26,2,9,11,0.42,3,0,0,1,0,1,0,0,15,1,0,0,5.5
"Blake Smith","NO",5,2004-10-05,2004,6.04,202,"D","Flint Firebirds",39,2,9,11,0.28,2,0,0,0,0,0,0,0,26,1,0,0,-6.5
"Roberto Mancini","NO",55,2003-07-08,2003,6.03,215,"D","Flint Firebirds",39,0,11,11,0.28,6,0,0,0,1,1,0,0,50,1,0,0,-27.5
"Jeremy Martin","YES",15,2007-02-06,2007,6,179,"LW","Flint Firebirds",37,9,1,10,0.27,-14,1,0,1,0,1,1,0,18,1,1,10,-12.5
"Julian Fantino","NO",27,2004-02-05,2004,6.01,200,"RW","Soo Greyhounds",33,6,4,10,0.3,1,0,0,0,0,0,1,0,19,1,0,0,0
"Brady Martin","YES",44,2007-03-16,2007,6,175,"C","Soo Greyhounds",25,5,5,10,0.4,1,0,1,0,0,0,0,0,21,1,1,10,-2.5
"Andrew Wycisk","NO",75,2005-07-01,2005,5.11,177,"D","Niagara IceDogs",29,5,5,10,0.34,-11,2,1,0,0,0,1,0,10,1,3,30,-3.5
"Brody Crane","NO",29,2004-05-29,2004,5.11,185,"LW","Guelph Storm",25,4,6,10,0.4,-15,0,1,0,0,0,0,0,4,1,1,10,-2
"Lawson Sherk","NO",39,2003-05-03,2003,6.03,198,"C","Brantford Bulldogs",36,4,6,10,0.28,-20,1,1,0,0,0,2,0,41,1,2,20,-44
"Urban Podrekar","NO",86,2005-02-14,2005,5.11,181,"D","Niagara IceDogs",33,2,8,10,0.3,-10,0,1,0,1,1,0,0,18,1,1,10,-12
"Grayson Tiller","NO",8,2005-02-20,2005,5.1,190,"D","Barrie Colts",37,2,8,10,0.27,-5,0,0,0,1,1,0,0,39,1,0,0,-28
"James Barr","YES",16,2007-06-01,2007,6.01,170,"D","Sarnia Sting",38,2,8,10,0.26,0,1,3,0,0,0,0,0,6,1,4,40,10
"Zach Wigle","NO",9,2004-01-12,2004,6,193,"C","Barrie Colts",36,7,2,9,0.25,-4,0,0,1,0,1,0,0,2,1,0,0,11
"Nic Sima","NO",92,2005-03-31,2005,6.03,200,"RW","Saginaw Spirit",31,6,3,9,0.29,-3,1,1,0,0,0,0,0,22,1,2,22.2,-8.5
"Kaeden Johnston","NO",37,2005-02-03,2005,6.01,175,"RW","London Knights",36,6,3,9,0.25,-5,1,0,1,0,1,2,0,6,1,1,11.1,5.5
"Beau Akey","NO",86,2005-02-11,2005,6,186,"D","Barrie Colts",14,4,5,9,0.64,4,1,2,0,0,0,0,1,12,1,3,33.3,7.5
"Roman Kukumberg","NO",21,2005-03-01,2005,6.01,185,"C","Sarnia Sting",19,4,5,9,0.47,-5,0,1,0,0,0,0,0,4,1,1,11.1,6.5
"Ryder McIntyre","NO",21,2004-07-15,2004,6.03,218,"RW","Peterborough Petes",26,3,6,9,0.35,-10,0,0,0,0,0,0,0,28,1,0,0,-23
"Lirim Amidovski","YES",29,2006-12-22,2006,6,170,"RW","North Bay Battalion",33,3,6,9,0.27,-9,0,0,0,0,0,0,0,11,1,0,0,-5
"Matthew Mayich","NO",22,2004-12-21,2004,6.02,197,"D","Ottawa 67's",37,2,7,9,0.24,4,0,0,0,0,0,0,0,50,1,0,0,-31.5
"Bronson Ride","NO",25,2005-01-14,2005,6.06,209,"D","North Bay Battalion",37,2,7,9,0.24,3,0,0,0,1,1,0,0,38,1,0,0,-20.5
"Aiden Young","YES",26,2007-04-18,2007,5.1,165,"LW","Peterborough Petes",29,1,8,9,0.31,5,0,0,0,0,0,1,0,4,1,0,0,15
"Alec Leonard","NO",27,2004-05-13,2004,5.11,174,"D","London Knights",39,0,9,9,0.23,11,0,0,0,2,2,0,0,53,1,0,0,-28.5
"Kai Schwindt","NO",20,2003-12-17,2003,6.03,195,"LW","Sarnia Sting",18,6,2,8,0.44,-3,2,0,0,0,0,0,0,8,1,2,25,4
"Quinton Pagé","NO",14,2005-08-03,2005,5.07,169,"LW","Peterborough Petes",33,6,2,8,0.24,-11,2,0,0,0,0,0,0,13,1,2,25,-9
"Cedricson Okitundu","NO",68,2004-01-03,2004,5.11,198,"D","Brantford Bulldogs",31,5,3,8,0.26,0,0,0,0,0,0,0,0,30,1,0,0,-15.5
"Evan Van Gorp","NO",14,2006-05-18,2006,5.1,155,"LW","London Knights",21,4,4,8,0.38,-2,0,0,1,0,1,0,0,8,1,0,0,4
"Luca Romano","YES",86,2007-06-25,2007,5.11,168,"C","Kitchener Rangers",32,3,5,8,0.25,1,1,1,0,0,0,0,1,0,1,2,25,14.5
"Aidan Castle","NO",90,2004-01-08,2004,6.01,180,"LW","Saginaw Spirit",23,2,6,8,0.35,-8,0,0,0,0,0,0,0,12,1,0,0,-7
"Tnias Mathurin","NO",5,2004-01-15,2004,6.03,195,"D","North Bay Battalion",25,2,6,8,0.32,9,0,0,0,0,0,0,0,12,1,0,0,10
"Chris Grisolia","NO",81,2005-04-30,2005,6,182,"C","Barrie Colts",31,2,6,8,0.26,-5,0,1,0,1,1,0,1,12,1,1,12.5,-4
"Noah Nelson","NO",11,2005-03-28,2005,6.01,186,"C","Brantford Bulldogs",35,2,6,8,0.23,-7,0,0,0,0,0,0,0,15,1,0,0,-9
"Sean Doherty","YES",55,2006-03-23,2006,6.01,182,"RW","Sarnia Sting",37,2,6,8,0.22,-6,0,0,0,0,0,0,0,2,1,0,0,5
"Owen Protz","YES",12,2006-02-07,2006,6.02,207,"D","Brantford Bulldogs",38,2,6,8,0.21,5,0,0,0,0,0,1,0,25,1,0,0,-7
"Noah Van Vliet","NO",2,2004-02-18,2004,6.03,220,"LD","Sudbury Wolves",39,2,6,8,0.21,-3,0,0,0,0,0,0,0,14,1,0,0,-4
"Matthew Virgilio","NO",25,2006-03-24,2006,5.11,186,"D","Soo Greyhounds",41,2,6,8,0.2,4,0,0,0,0,0,0,1,22,1,0,0,-5
"David Bedkowski","NO",7,2006-12-07,2006,6.04,208,"D","Oshawa Generals",39,1,7,8,0.21,6,0,0,0,0,0,0,0,32,1,0,0,-13.5
"Harry Nansi","YES",21,2007-09-10,2007,6.02,174,"C","Owen Sound Attack",32,0,8,8,0.25,-5,0,0,0,0,0,0,0,4,1,0,0,3
"Connor Federkow","NO",4,2003-07-26,2003,5.1,188,"D","Niagara IceDogs",36,0,8,8,0.22,-10,0,0,0,0,0,0,0,53,1,0,0,-51
"Gavin Ewles","NO",7,2005-03-01,2005,6.01,191,"D","Flint Firebirds",38,0,8,8,0.21,-10,0,2,0,1,1,0,0,18,1,2,25,-16
"Artem Frolov","YES",26,2007-05-05,2007,6,185,"D","Niagara IceDogs",38,0,8,8,0.21,-9,0,0,0,0,0,0,0,14,1,0,0,-11
"Caeden Carlisle","NO",7,2004-01-31,2004,6.02,197,"D","Soo Greyhounds",41,0,8,8,0.2,4,0,1,0,0,0,0,0,35,1,1,12.5,-19
"Dylan Edwards","NO",11,2005-07-20,2005,5.08,162,"RW","Erie Otters",8,7,0,7,0.88,3,0,0,0,0,0,0,0,2,1,0,0,15
"Andrew Vermeulen","NO",79,2006-02-07,2006,6.01,202,"LW","Niagara IceDogs",22,4,3,7,0.32,0,0,0,0,0,0,0,0,9,1,0,0,3.5
"Evan Klein","NO",57,2004-01-12,2004,6.02,206,"LW","Niagara IceDogs",33,4,3,7,0.21,-1,0,0,0,0,0,0,1,32,1,0,0,-20.5
"Lincoln Moore","NO",18,2005-09-21,2005,6.01,205,"RW","Saginaw Spirit",33,4,3,7,0.21,-10,0,0,0,0,0,0,0,9,1,0,0,-6.5
"Ryan Vannetten","NO",13,2004-03-30,2004,5.11,165,"D","Niagara IceDogs",27,3,4,7,0.26,1,0,0,0,0,0,0,0,4,1,0,0,9
"Caden Taylor","YES",19,2007-03-31,2007,6.02,185,"LW","Peterborough Petes",29,3,4,7,0.24,-3,1,0,0,0,0,0,0,16,1,1,14.3,-7
"Caden Kelly","NO",28,2006-01-15,2006,5.11,193,"RW","Ottawa 67's",30,3,4,7,0.23,-7,0,0,0,0,0,0,0,21,1,0,0,-16
"Carter Lowe","NO",85,2006-03-01,2006,6.03,209,"LW","Barrie Colts",32,3,4,7,0.22,-10,2,0,0,0,0,0,0,6,1,2,28.6,-4
"Nathan Omeri","YES",27,2006-06-15,2006,5.11,175,"D","Sarnia Sting",34,3,4,7,0.21,1,0,0,1,0,1,1,0,12,1,0,0,1
"Carter Kostuch","YES",18,2007-04-21,2007,5.11,157,"LW","Sarnia Sting",38,3,4,7,0.18,-11,0,0,0,0,0,0,0,2,1,0,0,-1
"Thomas Stewart","NO",22,2003-01-06,2003,6.02,187,"D","Barrie Colts",38,3,4,7,0.18,10,0,0,0,0,0,1,0,56,1,0,0,-34
"Madden Steen","NO",5,2004-05-18,2004,6.02,214,"D","Owen Sound Attack",38,2,5,7,0.18,-12,0,0,0,0,0,0,0,25,1,0,0,-25.5
"Nic Whitehead","YES",10,2007-02-11,2007,5.1,154,"C","Ottawa 67's",38,2,5,7,0.18,-3,0,3,0,0,0,0,0,17,1,3,42.9,-8.5
"Wil McFadden","YES",21,2007-02-15,2007,5.08,160,"C","Guelph Storm",39,2,5,7,0.18,0,1,1,0,0,0,0,0,4,1,2,28.6,7.5
"Spencer Evans","YES",16,2006-05-12,2006,5.11,178,"D","Soo Greyhounds",21,1,6,7,0.33,8,0,0,0,0,0,0,0,15,1,0,0,4
"Conor Walton","YES",28,2006-04-22,2006,6.04,208,"D","Windsor Spitfires",35,1,6,7,0.2,-9,0,0,0,2,2,1,0,16,1,0,0,-14
"Wyatt Kennedy","NO",2,2005-05-27,2005,6.04,198,"D","North Bay Battalion",39,1,6,7,0.18,-14,0,0,0,0,0,1,0,16,1,0,0,-19
"Ryan McGuire","NO",12,2004-02-29,2004,5.11,186,"C","Guelph Storm",39,1,6,7,0.18,-4,0,2,0,0,0,0,0,75,1,2,28.6,-68
"Brayden Hislop","NO",6,2003-09-26,2003,6.01,181,"D","Guelph Storm",41,1,6,7,0.17,-8,0,4,0,0,0,1,0,36,1,4,57.1,-33
"Chandler Romeo","NO",17,2003-07-16,2003,6.06,205,"D","Guelph Storm",41,1,6,7,0.17,15,0,0,0,1,1,0,0,37,1,0,0,-11
"Maleek McGowan","NO",11,2005-06-13,2005,5.11,164,"D","Kingston Frontenacs",35,0,7,7,0.2,0,0,2,0,0,0,0,0,26,1,2,28.6,-15.5
"Stevie Leskovar","NO",4,2004-09-09,2004,6.03,207,"D","Mississauga Steelheads",38,0,7,7,0.18,8,0,0,0,0,0,0,0,80,1,0,0,-61.5
"Cal Uens","NO",44,2005-02-11,2005,5.09,159,"D","Kingston Frontenacs",38,0,7,7,0.18,-14,0,2,0,1,1,0,0,45,1,2,28.6,-48.5
"William Eggleton","YES",18,2006-02-19,2006,5.11,174,"LW","Mississauga Steelheads",37,4,2,6,0.16,0,0,0,0,0,0,0,1,24,1,0,0,-13
"Charlie Hilton","YES",21,2006-09-15,2006,6.05,196,"LW","Ottawa 67's",29,3,3,6,0.21,-2,0,0,0,0,0,0,0,29,1,0,0,-20.5
"Jack Brauti","YES",6,2006-05-24,2006,6,165,"D","Barrie Colts",33,3,3,6,0.18,-7,1,0,0,0,0,0,0,46,1,1,16.7,-42.5
"Tyler Hopkins","YES",91,2007-01-23,2007,6.01,160,"C","Kingston Frontenacs",33,3,3,6,0.18,-16,0,0,0,1,1,0,0,13,1,0,0,-18.5
"Hunter McKenzie","NO",14,2006-12-07,2006,6,190,"LW","Guelph Storm",36,3,3,6,0.17,-2,0,0,0,0,0,0,0,13,1,0,0,-4.5
"Masen Wray","NO",71,2006-05-15,2006,6.03,177,"C","Niagara IceDogs",36,3,3,6,0.17,-5,0,0,0,1,1,2,0,10,1,0,0,-4.5
"Tuomas Uronen","NO",13,2005-03-19,2005,6,194,"RW","Ottawa 67's",11,2,4,6,0.55,4,0,1,0,0,0,0,0,0,1,1,16.7,14
"Olivier Savard","NO",34,2005-01-14,2005,6.02,196,"RD","Kitchener Rangers",34,2,4,6,0.18,3,0,0,0,1,1,0,1,21,1,0,0,-8
"Cam Gauvreau","NO",3,2003-03-08,2003,6.02,190,"D","Peterborough Petes",33,1,5,6,0.18,-15,1,0,0,0,0,0,0,31,1,1,16.7,-36.5
"Josh Brady","YES",3,2006-01-11,2006,6,191,"D","Ottawa 67's",34,1,5,6,0.18,1,0,0,0,0,0,0,0,14,1,0,0,-3.5
"Reed Gee","NO",8,2006-03-12,2006,6,178,"D","Mississauga Steelheads",26,0,6,6,0.23,1,0,0,0,0,0,0,0,35,1,0,0,-25
"Luke Dragusica","YES",23,2007-02-16,2007,6.01,165,"D","Mississauga Steelheads",31,0,6,6,0.19,12,0,0,0,0,0,0,0,32,1,0,0,-11
"Jack Nesbitt","YES",71,2007-01-12,2007,6.04,183,"C","Windsor Spitfires",30,4,1,5,0.17,-17,1,0,0,0,0,0,0,35,1,1,20,-42.5
"Vann Williamson","NO",27,2006-07-19,2006,6.02,162,"D","Kingston Frontenacs",23,3,2,5,0.22,-1,0,0,0,0,0,0,0,13,1,0,0,-5
"Carson Hall","YES",10,2006-04-29,2006,6.02,183,"LW","Sarnia Sting",26,3,2,5,0.19,-6,0,1,0,0,0,0,0,11,1,1,20,-8
"Zackary Sandhu","NO",72,2005-12-20,2005,6.01,195,"D","Oshawa Generals",31,3,2,5,0.16,5,0,0,0,0,0,1,0,29,1,0,0,-15
"Markas Samenas","NO",42,2004-02-02,2004,6.05,215,"LW","Flint Firebirds",37,3,2,5,0.14,-9,0,1,0,0,0,0,0,21,1,1,20,-21
"Pasquale Zito","NO",73,2003-06-01,2003,5.11,184,"C","Windsor Spitfires",1,2,3,5,5,0,1,1,0,0,0,0,0,0,1,2,40,8.5
"Adam Cavallin","NO",37,2005-03-04,2005,5.11,182,"C","Kingston Frontenacs",28,2,3,5,0.18,0,0,0,0,0,0,0,0,11,1,0,0,-2.5
"Kieran Witkowski","YES",26,2007-02-07,2007,5.1,165,"LW","Mississauga Steelheads",32,2,3,5,0.16,-3,0,0,0,0,0,0,0,4,1,0,0,1.5
"Henry Brzustewicz","YES",2,2007-02-09,2007,6.01,194,"D","London Knights",35,2,3,5,0.14,6,0,0,0,0,0,1,0,12,1,0,0,2.5
"Kimi Körbler","YES",24,2006-09-25,2006,5.1,157,"RW","Ottawa 67's",35,1,4,5,0.14,-3,0,0,1,0,1,0,0,6,1,0,0,-1
"Jimmy Lombardi","YES",10,2007-02-16,2007,5.11,149,"C","Flint Firebirds",38,1,4,5,0.13,-18,0,1,0,0,0,0,0,8,1,1,20,-18
"Braedyn Rogers","NO",2,2006-11-22,2006,6,169,"D","Owen Sound Attack",40,1,4,5,0.13,-12,0,1,0,0,0,0,0,10,1,1,20,-14
"Callum Cheynowski","NO",7,2006-08-04,2006,6.01,191,"D","Niagara IceDogs",26,0,5,5,0.19,-2,0,0,0,0,0,0,0,4,1,0,0,1.5
"Jared Woolley","NO",51,2006-02-27,2006,6.04,214,"D","London Knights",18,3,1,4,0.22,4,0,1,0,0,0,0,0,8,1,1,25,3.5
"Josef Eichler","NO",5,2005-12-14,2005,6,192,"D","Windsor Spitfires",37,3,1,4,0.11,-14,0,0,0,0,0,0,0,65,1,0,0,-71.5
"Nico Addy","YES",22,2007-08-17,2007,6.04,213,"RW","Peterborough Petes",31,2,2,4,0.13,-11,0,0,0,0,0,0,0,18,1,0,0,-22
"Dennis Lominac","YES",93,2006-01-11,2006,5.1,168,"LW","Sarnia Sting",34,2,2,4,0.12,-12,0,0,0,0,0,0,0,36,1,0,0,-41
"Matthew Wang","NO",28,2005-08-22,2005,6.02,200,"LW","Flint Firebirds",35,2,2,4,0.11,-4,0,0,0,0,0,0,0,23,1,0,0,-20
"Will Bishop","NO",4,2005-03-17,2005,6.06,200,"D","Saginaw Spirit",39,2,2,4,0.1,-3,0,0,0,0,0,0,0,18,1,0,0,-14
"Lucas Signoretti","NO",16,2004-03-30,2004,5.06,168,"LW","Sudbury Wolves",10,1,3,4,0.4,2,1,0,0,0,0,0,0,2,1,1,25,6.5
"William Stewart","NO",20,2005-02-23,2005,6.02,180,"RW","Niagara IceDogs",19,1,3,4,0.21,2,0,0,0,1,1,1,0,6,1,0,0,2.5
"Liam Storch","NO",21,2006-01-20,2006,5.09,145,"RW","Saginaw Spirit",22,1,3,4,0.18,-4,0,0,0,0,0,0,0,4,1,0,0,-1.5
"Antonio Tersigni","NO",37,2006-05-03,2006,5.1,171,"C","Owen Sound Attack",24,1,3,4,0.17,-10,0,0,0,0,0,0,0,4,1,0,0,-7.5
"Justin DeZoete","NO",11,2004-01-02,2004,6,192,"LW","Soo Greyhounds",32,1,3,4,0.13,-3,0,0,0,0,0,0,0,13,1,0,0,-9.5
"Nathan Sauder","NO",5,2005-02-01,2005,6.01,199,"D","Erie Otters",36,1,3,4,0.11,-1,0,0,0,0,0,0,0,34,1,0,0,-28.5
"MacGregor Richmond","YES",78,2006-08-06,2006,5.09,180,"RW","Mississauga Steelheads",38,1,3,4,0.11,-11,0,1,0,0,0,0,0,25,1,1,25,-29.5
"Josh Bloom","NO",17,2003-06-08,2003,6.02,185,"LW","Saginaw Spirit",5,0,4,4,0.8,3,0,1,0,0,0,0,0,2,1,1,25,7
"Thomas Sirman","NO",6,2004-03-05,2004,5.1,178,"D","Ottawa 67's",11,0,4,4,0.36,-1,0,0,0,0,0,0,0,9,1,0,0,-4
"Daniel Chen","YES",27,2006-08-04,2006,6.04,186,"D","Brantford Bulldogs",24,0,4,4,0.17,-15,0,0,0,0,0,0,0,10,1,0,0,-19
"Lane Sim","YES",92,2007-05-09,2007,5.07,160,"LW","Sarnia Sting",25,0,4,4,0.16,-5,0,0,0,0,0,0,0,2,1,0,0,-1
"Parker Snelgrove","YES",9,2007-01-20,2007,6,175,"C","Guelph Storm",30,0,4,4,0.13,-5,0,0,0,0,0,0,0,10,1,0,0,-9
"Derek Smyth","NO",2,2004-04-17,2004,6.05,212,"D","Ottawa 67's",32,0,4,4,0.13,-8,0,1,0,0,0,0,0,26,1,1,25,-28
"Connor Toms","NO",52,2004-03-13,2004,5.11,174,"D","Windsor Spitfires",33,0,4,4,0.12,-33,0,0,0,0,0,0,0,19,1,0,0,-46
"Bradley Horner","NO",5,2005-06-16,2005,6,192,"D","Ottawa 67's",34,0,4,4,0.12,-1,0,0,0,0,0,0,0,20,1,0,0,-15
"Carson Campbell","NO",8,2006-06-08,2006,6.01,180,"RD","Kitchener Rangers",38,0,4,4,0.11,-3,0,0,0,0,0,0,0,14,1,0,0,-11
"Gabriel Chiarot","YES",20,2006-09-17,2006,5.11,184,"RW","Mississauga Steelheads",20,2,1,3,0.15,-3,0,0,0,0,0,0,0,8,1,0,0,-5.5
"Brodie McConnell-Barker","YES",8,2006-01-31,2006,6,180,"D","Soo Greyhounds",21,2,1,3,0.14,2,0,0,0,0,0,0,0,14,1,0,0,-6.5
"Matheas Stark","YES",28,2007-01-14,2007,6,161,"LW","Kitchener Rangers",26,2,1,3,0.12,3,0,0,0,0,0,2,0,0,1,0,0,8.5
"Ethan Toms","NO",61,2006-01-19,2006,5.11,175,"C","Oshawa Generals",31,2,1,3,0.1,-1,0,1,0,0,0,0,0,16,1,1,33.3,-11.5
"Ryder Boulton","YES",11,2006-06-21,2006,5.1,194,"LW","London Knights",32,2,1,3,0.09,-6,0,0,0,0,0,0,0,49,1,0,0,-49.5
"Ryan Pryce","NO",74,2004-02-06,2004,6.02,197,"LD","Sudbury Wolves",18,1,2,3,0.17,6,1,0,0,0,0,0,0,10,1,1,33.3,1
"Tomislav Brennan","NO",19,2005-03-15,2005,6,171,"C","Owen Sound Attack",26,1,2,3,0.12,-4,0,0,0,0,0,0,0,15,1,0,0,-14
"Martin Matejicek","NO",5,2005-08-05,2005,6.02,207,"D","Peterborough Petes",39,1,2,3,0.08,-7,0,0,0,0,0,0,0,14,1,0,0,-16
"Chase Yanni","YES",16,2007-01-08,2007,5.1,171,"LW","Ottawa 67's",5,0,3,3,0.6,-1,0,0,0,0,0,0,0,6,1,0,0,-2.5
"Owen MacDonald","NO",6,2004-08-28,2004,6.01,188,"D","Sarnia Sting",22,0,3,3,0.14,-9,0,0,0,0,0,0,0,28,1,0,0,-32.5
"Rylan Singh","YES",5,2007-10-04,2007,5.11,164,"D","Guelph Storm",26,0,3,3,0.12,2,0,2,0,0,0,0,0,7,1,2,66.7,-0.5
"Rowan Topp","YES",3,2006-04-02,2006,6.02,195,"D","Guelph Storm",37,0,3,3,0.08,-4,0,0,0,0,0,0,0,14,1,0,0,-13.5
"Brayden Turley","NO",7,2006-08-08,2006,6.01,193,"D","North Bay Battalion",37,0,3,3,0.08,1,0,0,0,0,0,0,0,16,1,0,0,-10.5
"Rylan Fellinger","YES",65,2007-05-16,2007,6.03,183,"D","Flint Firebirds",38,0,3,3,0.08,-7,0,0,0,0,0,0,0,6,1,0,0,-8.5
"Hughston Hurt","YES",72,2007-07-10,2007,6.01,178,"D","Sarnia Sting",40,0,3,3,0.08,-10,0,0,0,0,0,0,0,21,1,0,0,-26.5
"Alex Messier","NO",21,2005-03-23,2005,6.03,213,"LW","Erie Otters",33,2,0,2,0.06,-9,0,0,0,0,0,0,0,34,1,0,0,-39
"Michael Derbidge","NO",91,2005-04-04,2005,6.01,199,"LW","Barrie Colts",4,1,1,2,0.5,2,0,0,0,0,0,0,0,6,1,0,0,-0.5
"Jack Greenwell","YES",10,2005-01-05,2005,6,172,"RW","Windsor Spitfires",13,1,1,2,0.15,-9,0,0,0,0,0,0,0,0,1,0,0,-5.5
"Tate Vader","YES",9,2006-01-09,2006,5.11,183,"C","Soo Greyhounds",16,1,1,2,0.13,2,0,0,0,0,0,0,0,0,1,0,0,5.5
"Blair Scott","NO",7,2005-04-14,2005,6.01,185,"LD","Barrie Colts",17,1,1,2,0.12,0,0,0,0,0,0,0,0,9,1,0,0,-5.5
"Sawyer Boulton","NO",36,2004-07-12,2004,6,210,"RW","London Knights",20,1,1,2,0.1,-10,0,0,0,0,0,0,0,35,1,0,0,-41.5
"Nolan Laird","YES",19,2006-01-04,2006,6.01,180,"C","North Bay Battalion",22,1,1,2,0.09,-2,0,0,0,0,0,0,0,6,1,0,0,-4.5
"Ethan Martin","NO",72,2005-03-25,2005,6.06,226,"C","Windsor Spitfires",28,1,1,2,0.07,-8,0,0,0,0,0,0,0,28,1,0,0,-32.5
"Daks Klinkhammer","NO",73,2005-08-14,2005,6,197,"LW","Flint Firebirds",31,1,1,2,0.06,-8,0,0,0,0,0,0,0,13,1,0,0,-17.5
"Brett Hammond","YES",91,2006-09-08,2006,6.02,188,"RW","Erie Otters",37,1,1,2,0.05,-13,0,0,0,0,0,0,0,12,1,0,0,-21.5
"William Haley","NO",17,2005-10-15,2005,6,177,"D","Peterborough Petes",18,0,2,2,0.11,-3,0,0,0,0,0,0,0,15,1,0,0,-15
"Trevor McDowell","NO",12,2004-07-31,2004,6.04,205,"D","North Bay Battalion",19,0,2,2,0.11,-1,0,0,0,0,0,0,0,4,1,0,0,-2
"Jaiden Newton","YES",84,2007-10-13,2007,5.11,167,"C","Barrie Colts",21,0,2,2,0.1,-3,0,0,0,0,0,0,0,9,1,0,0,-9
"Dylan Tsherna","YES",18,2007-02-22,2007,5.11,171,"RW","Brantford Bulldogs",21,0,2,2,0.1,-3,0,0,0,0,0,0,0,12,1,0,0,-12
"Josh Glavin","NO",5,2006-09-24,2006,6.02,190,"D","Saginaw Spirit",25,0,2,2,0.08,3,0,0,0,0,0,0,0,46,1,0,0,-40
"Tanner Winegard","NO",91,2005-01-11,2005,6.06,221,"D","Windsor Spitfires",25,0,2,2,0.08,-12,0,0,0,0,0,0,0,14,1,0,0,-23
"James Guo","NO",73,2005-04-02,2005,6.01,190,"D","Saginaw Spirit",29,0,2,2,0.07,-5,0,1,0,0,0,0,0,8,1,1,50,-10
"Noah Roberts","NO",7,2005-12-02,2005,6.01,190,"D","Brantford Bulldogs",30,0,2,2,0.07,4,0,0,0,0,0,0,0,43,1,0,0,-36
"Grayden Strohack","YES",6,2006-06-09,2006,6.03,183,"D","Peterborough Petes",32,0,2,2,0.06,-5,0,0,0,0,0,0,0,32,1,0,0,-34
"Owen Griffin","YES",96,2007-04-08,2007,5.1,157,"C","Oshawa Generals",33,0,2,2,0.06,-12,0,0,0,0,0,0,0,4,1,0,0,-13
"Brennan Faulkner","NO",28,2005-12-28,2005,5.1,161,"LW","Peterborough Petes",36,0,2,2,0.06,-14,0,1,0,0,0,0,0,6,1,1,50,-17
"Max Dirracolo","YES",25,2006-06-29,2006,6.04,216,"LD","Kitchener Rangers",5,1,0,1,0.2,1,0,0,0,0,0,0,0,2,1,0,0,1
"Georgy Toroptsev","YES",8,2006-04-22,2006,6,179,"LW","Erie Otters",18,1,0,1,0.06,-2,0,0,0,0,0,0,0,11,1,0,0,-11
"Wesley Royston","YES",77,2007-11-22,2007,6.03,174,"RW","Erie Otters",27,1,0,1,0.04,-6,0,0,0,0,0,0,0,13,1,0,0,-17
"Brody Partridge","YES",11,2006-09-14,2006,5.09,162,"C","Peterborough Petes",37,1,0,1,0.03,-13,0,0,0,0,0,0,0,9,1,0,0,-20
"Quinn Beauchesne","YES",13,2007-03-01,2007,6,172,"D","Guelph Storm",11,0,1,1,0.09,0,0,1,0,0,0,0,0,12,1,1,100,-10.5
"Lucas Rodriguez","YES",26,2006-04-26,2006,6.02,183,"D","Oshawa Generals",15,0,1,1,0.07,4,0,0,0,0,0,0,0,6,1,0,0,-0.5
"Ryan Struthers","NO",26,2004-01-02,2004,6.01,182,"C","Windsor Spitfires",16,0,1,1,0.06,-8,0,0,0,0,0,0,0,11,1,0,0,-17.5
"Devin Mauro","NO",23,2004-06-06,2004,5.08,165,"LW","Sudbury Wolves",18,0,1,1,0.06,-1,0,0,0,0,0,0,0,4,1,0,0,-3.5
"Liam Ladds","YES",8,2007-10-28,2007,6.01,151,"D","Peterborough Petes",21,0,1,1,0.05,-7,0,0,0,0,0,0,0,4,1,0,0,-9.5
"Evan Passmore","YES",88,2006-12-05,2006,6.03,198,"D","Barrie Colts",23,0,1,1,0.04,3,0,0,0,0,0,0,0,24,1,0,0,-19.5
"Duncan Schneider","NO",44,2005-07-05,2005,6.02,201,"D","Sarnia Sting",25,0,1,1,0.04,-5,0,0,0,0,0,0,0,25,1,0,0,-28.5
"Nicholas Holomego","YES",65,2006-05-19,2006,6.05,202,"D","Erie Otters",27,0,1,1,0.04,-7,0,0,0,0,0,0,0,11,1,0,0,-16.5
"Brayden Velliaris","NO",25,2005-04-16,2005,6.02,205,"D","Peterborough Petes",27,0,1,1,0.04,-4,0,0,0,0,0,0,0,26,1,0,0,-28.5
"Ty Henry","YES",2,2006-07-19,2006,6.04,198,"D","Erie Otters",28,0,1,1,0.04,-4,0,0,0,0,0,0,0,14,1,0,0,-16.5
"Jonathon Pylypuik","NO",18,2006-03-25,2006,6.01,163,"C","Oshawa Generals",28,0,1,1,0.04,-6,0,0,0,0,0,0,0,21,1,0,0,-25.5
"Dylan Woulds","YES",24,2006-03-28,2006,6,196,"D","Peterborough Petes",32,0,1,1,0.03,0,0,0,0,0,0,0,0,6,1,0,0,-4.5
"Quinn Binnie","NO",27,2004-04-29,2004,6,198,"RW","Peterborough Petes",36,0,1,1,0.03,-12,0,0,0,0,0,0,0,11,1,0,0,-21.5
"Casey Bridgewater","NO",17,2007-02-07,2007,5.1,168,"D","Sarnia Sting",1,0,0,0,0,0,0,0,0,0,0,0,0,0,1,0,NA,0
"Wyatt Jinman","YES",21,2007-10-11,2007,6.02,160,"LW","Mississauga Steelheads",3,0,0,0,0,-1,0,0,0,0,0,0,0,0,1,0,NA,-1
"Kaleb Dietsch","NO",4,2007-01-03,2007,6.02,176,"D","Ottawa 67's",5,0,0,0,0,1,0,0,0,0,0,0,0,0,1,0,NA,1
"Xander Velliaris","NO",77,2007-04-23,2007,6.03,185,"D","Kingston Frontenacs",5,0,0,0,0,-1,0,0,0,0,0,0,0,0,1,0,NA,-1
"Sam Ethier","YES",36,2006-08-09,2006,6,187,"D","Owen Sound Attack",6,0,0,0,0,-3,0,0,0,0,0,0,0,0,1,0,NA,-3
"Ethan MacKinnon","NO",17,2003-05-22,2003,6.01,179,"D","London Knights",6,0,0,0,0,0,0,0,0,0,0,0,0,4,1,0,NA,-4
"Grant Spada","YES",8,2007-06-24,2007,6.05,186,"D","Guelph Storm",6,0,0,0,0,0,0,0,0,0,0,0,0,0,1,0,NA,0
"Gabriel Smith","YES",38,2007-01-01,2007,6.03,197,"D","Owen Sound Attack",7,0,0,0,0,-2,0,0,0,0,0,0,0,0,1,0,NA,-2
"Justin Handsor","NO",24,2007-09-24,2007,6.01,185,"D","Barrie Colts",10,0,0,0,0,-4,0,0,0,0,0,0,0,2,1,0,NA,-6
"Alec Stewart","NO",25,2005-04-02,2005,5.11,170,"C","Windsor Spitfires",10,0,0,0,0,-5,0,0,0,0,0,0,0,2,1,0,NA,-7
"Max Anderson","YES",22,2007-07-18,2007,5.09,145,"C","Flint Firebirds",11,0,0,0,0,-3,0,0,0,0,0,0,0,9,1,0,NA,-12
"Stef Forgione","NO",28,2005-04-29,2005,5.1,175,"RW","North Bay Battalion",12,0,0,0,0,-3,0,0,0,0,0,0,0,13,1,0,NA,-16
"Caeden Heins","YES",44,2006-02-06,2006,6.01,172,"LW","Oshawa Generals",21,0,0,0,0,-4,0,0,0,0,0,0,0,4,1,0,NA,-8
"Fraser McDonell","NO",6,2006-03-02,2006,6.07,215,"D","Oshawa Generals",22,0,0,0,0,-10,0,0,0,0,0,0,0,14,1,0,NA,-24
"Adrian Rebelo","NO",74,2004-06-22,2004,6.02,186,"LW","Brantford Bulldogs",22,0,0,0,0,-5,0,0,0,0,0,0,0,15,1,0,NA,-20
"Joseph Cadorin","YES",16,2007-03-29,2007,5.11,144,"LW","Peterborough Petes",29,0,0,0,0,-10,0,0,0,0,0,0,0,10,1,0,NA,-20
"Chris O'Flaherty","NO",77,2005-03-12,2005,6.01,204,"LW","London Knights",16,0,4,4,0.25,0,0,0,0,0,0,0,0,2,1,0,0,4
